id,date,photo,from,serv
214,2021-09-08,photos/photo_132@08-09-2021_09-13-39.jpg,Vlad,https://i.ibb.co/8s6XJfm/image.jpg
215,2021-09-13,photos/photo_133@13-09-2021_14-01-06.jpg,üçÇAlexanderüçÇ,https://i.ibb.co/99YZRTQ/image.jpg
216,2021-09-13,photos/photo_134@13-09-2021_14-01-06.jpg,üçÇAlexanderüçÇ,https://i.ibb.co/ctxsPw1/image.jpg
217,2021-09-13,photos/photo_135@13-09-2021_22-51-46.jpg,–ê–Ω–¥—Ä–µ–π,https://i.ibb.co/SQXvvmt/image.jpg
218,2021-09-13,photos/photo_136@13-09-2021_22-51-47.jpg,–ê–Ω–¥—Ä–µ–π,https://i.ibb.co/r247BNr/image.jpg
225,2021-09-15,photos/photo_137@15-09-2021_08-08-36.jpg,Vlad,https://i.ibb.co/x34CSX6/image.jpg
226,2021-09-15,photos/photo_138@15-09-2021_08-09-05.jpg,Nazar,https://i.ibb.co/tH5fkHt/image.jpg
227,2021-09-15,photos/photo_139@15-09-2021_08-35-00.jpg,Vlad,https://i.ibb.co/wWV1b12/image.jpg
229,2021-09-15,photos/photo_140@15-09-2021_08-36-00.jpg,Nazar,https://i.ibb.co/qCmNx6v/image.jpg
230,2021-09-15,photos/photo_141@15-09-2021_08-36-00.jpg,Nazar,https://i.ibb.co/dBKTZ3C/image.jpg
231,2021-09-15,photos/photo_142@15-09-2021_09-15-21.jpg,Vlad,https://i.ibb.co/pP9r5Rm/image.jpg
237,2021-09-22,photos/photo_143@22-09-2021_09-02-15.jpg,–ê–Ω–¥—Ä–µ–π,https://i.ibb.co/zQ5WsgN/image.jpg
238,2021-09-22,photos/photo_144@22-09-2021_09-02-15.jpg,–ê–Ω–¥—Ä–µ–π,https://i.ibb.co/ng0qmLc/image.jpg
239,2021-09-22,photos/photo_145@22-09-2021_09-04-32.jpg,–ê–Ω–¥—Ä–µ–π,https://i.ibb.co/YD61x8w/image.jpg
240,2021-09-22,photos/photo_146@22-09-2021_09-04-32.jpg,–ê–Ω–¥—Ä–µ–π,https://i.ibb.co/HdtMRsD/image.jpg
241,2021-09-22,photos/photo_147@22-09-2021_09-04-32.jpg,–ê–Ω–¥—Ä–µ–π,https://i.ibb.co/JK6LZ4D/image.jpg
242,2021-09-22,photos/photo_148@22-09-2021_09-09-00.jpg,–ê–Ω–¥—Ä–µ–π,https://i.ibb.co/S0C9dR5/image.jpg
243,2021-09-22,photos/photo_149@22-09-2021_10-14-07.jpg,–ê–Ω–¥—Ä–µ–π,https://i.ibb.co/yk4VncB/image.jpg
246,2021-09-27,photos/photo_150@27-09-2021_14-02-42.jpg,Alexandra,https://i.ibb.co/tCY3KM8/image.jpg
247,2021-09-27,photos/photo_151@27-09-2021_14-02-42.jpg,Alexandra,https://i.ibb.co/zNWkTys/image.jpg
248,2021-09-29,photos/photo_152@29-09-2021_08-43-21.jpg,Vlad,https://i.ibb.co/gtLdBNn/image.jpg
249,2021-09-29,photos/photo_153@29-09-2021_09-13-59.jpg,Vlad,https://i.ibb.co/Ld2ySP3/image.jpg
250,2021-10-04,photos/photo_154@04-10-2021_13-55-59.jpg,Vlad,https://i.ibb.co/QKZ2rg0/image.jpg
251,2021-10-04,photos/photo_155@04-10-2021_13-56-27.jpg,–ú–∞—Ä‚Äò—è–Ω–∞,https://i.ibb.co/7bzJj25/image.jpg
252,2021-10-04,photos/photo_156@04-10-2021_13-56-27.jpg,–ú–∞—Ä‚Äò—è–Ω–∞,https://i.ibb.co/QPnzLCK/image.jpg
253,2021-10-04,photos/photo_157@04-10-2021_13-58-38.jpg,Vlad,https://i.ibb.co/rp3fDp9/image.jpg
269,2021-10-06,photos/photo_158@06-10-2021_08-23-13.jpg,Vlad,https://i.ibb.co/Sc3Fs9Z/image.jpg
285,2021-10-18,photos/photo_159@18-10-2021_13-28-17.jpg,–ú–∞—Ä‚Äò—è–Ω–∞,https://i.ibb.co/PT3MCR1/image.jpg
286,2021-10-18,photos/photo_160@18-10-2021_13-49-28.jpg,–ú–∞—Ä‚Äò—è–Ω–∞,https://i.ibb.co/0s2WqRF/image.jpg
287,2021-10-18,photos/photo_161@18-10-2021_14-01-22.jpg,üçÇAlexanderüçÇ,https://i.ibb.co/jvQdJH0/image.jpg
288,2021-10-18,photos/photo_162@18-10-2021_14-01-24.jpg,Vlad,https://i.ibb.co/GdCJQCs/image.jpg
289,2021-10-18,photos/photo_163@18-10-2021_14-03-37.jpg,–ê–Ω–¥—Ä–µ–π,https://i.ibb.co/xGL59X2/image.jpg
290,2021-10-20,photos/photo_164@20-10-2021_08-17-29.jpg,–ê–Ω–¥—Ä–µ–π,https://i.ibb.co/3chCSNJ/image.jpg
291,2021-10-20,photos/photo_165@20-10-2021_09-11-32.jpg,Vlad,https://i.ibb.co/6yHRpPy/image.jpg
301,2021-11-01,photos/photo_170@01-11-2021_06-55-12.jpg,–ê–Ω–¥—Ä–µ–π,https://i.ibb.co/Vwzz3Zr/image.jpg
303,2021-11-01,photos/photo_172@01-11-2021_06-57-55.jpg,–ê–Ω–¥—Ä–µ–π,https://i.ibb.co/DzQxP5M/image.jpg
311,2021-11-01,photos/photo_174@01-11-2021_15-00-02.jpg,–ê–Ω–¥—Ä–µ–π,https://i.ibb.co/g9djBXH/image.jpg
312,2021-11-01,photos/photo_175@01-11-2021_15-00-19.jpg,–ê–Ω–¥—Ä–µ–π,https://i.ibb.co/zh2rqFY/image.jpg
316,2021-11-03,photos/photo_176@03-11-2021_10-38-18.jpg,–ê–Ω–¥—Ä–µ–π,https://i.ibb.co/12VgxZ2/image.jpg
317,2021-11-03,photos/photo_177@03-11-2021_10-38-36.jpg,–ê–Ω–¥—Ä–µ–π,https://i.ibb.co/rvzzMFr/image.jpg
318,2021-11-03,photos/photo_178@03-11-2021_10-38-55.jpg,–ê–Ω–¥—Ä–µ–π,https://i.ibb.co/y8nGVk4/image.jpg
319,2021-11-03,photos/photo_179@03-11-2021_10-39-12.jpg,–ê–Ω–¥—Ä–µ–π,https://i.ibb.co/6YLLVX5/image.jpg
320,2021-11-08,photos/photo_180@08-11-2021_14-02-30.jpg,–ê–Ω–¥—Ä–µ–π,https://i.ibb.co/J5fVjvG/image.jpg
321,2021-11-08,photos/photo_181@08-11-2021_14-02-48.jpg,–ê–Ω–¥—Ä–µ–π,https://i.ibb.co/fCfQBD6/image.jpg
325,2021-11-10,photos/photo_182@10-11-2021_09-14-19.jpg,–ê–Ω–¥—Ä–µ–π,https://i.ibb.co/cy7ksx9/image.jpg
326,2021-11-10,photos/photo_183@10-11-2021_09-14-45.jpg,–ê–Ω–¥—Ä–µ–π,https://i.ibb.co/JqmwNC7/image.jpg
327,2021-11-10,photos/photo_184@10-11-2021_09-15-03.jpg,–ê–Ω–¥—Ä–µ–π,https://i.ibb.co/pZk3fDB/image.jpg
328,2021-11-10,photos/photo_185@10-11-2021_09-15-19.jpg,–ê–Ω–¥—Ä–µ–π,https://i.ibb.co/2qdBPbF/image.jpg
335,2021-11-15,photos/photo_187@15-11-2021_13-58-28.jpg,–ê–Ω–¥—Ä–µ–π,https://i.ibb.co/cCJprJy/image.jpg
336,2021-11-15,photos/photo_188@15-11-2021_13-58-41.jpg,–ê–Ω–¥—Ä–µ–π,https://i.ibb.co/TPgW5T5/image.jpg
337,2021-11-15,photos/photo_189@15-11-2021_13-58-52.jpg,–ê–Ω–¥—Ä–µ–π,https://i.ibb.co/q57twB9/image.jpg
339,2021-11-17,photos/photo_190@17-11-2021_10-49-21.jpg,–ê–Ω–¥—Ä–µ–π,https://i.ibb.co/58kkNyj/image.jpg
340,2021-11-17,photos/photo_191@17-11-2021_10-49-34.jpg,–ê–Ω–¥—Ä–µ–π,https://i.ibb.co/fqsVNhZ/image.jpg
341,2021-11-17,photos/photo_192@17-11-2021_10-49-52.jpg,–ê–Ω–¥—Ä–µ–π,https://i.ibb.co/HqZ9Jb7/image.jpg
342,2021-11-17,photos/photo_193@17-11-2021_10-50-07.jpg,–ê–Ω–¥—Ä–µ–π,https://i.ibb.co/mh4fdzV/image.jpg
349,2021-11-22,photos/photo_194@22-11-2021_13-59-49.jpg,üçÇAlexanderüçÇ,https://i.ibb.co/JjS6HQ6/image.jpg
394,2021-12-01,photos/photo_195@01-12-2021_07-58-01.jpg,–ê–Ω–¥—Ä–µ–π,https://i.ibb.co/BVyGN6j/image.jpg
419,2021-12-06,photos/photo_197@06-12-2021_14-04-09.jpg,–ú–∞—Ä–∫,https://i.ibb.co/c8k9KCH/image.jpg
420,2021-12-06,photos/photo_198@06-12-2021_14-04-09.jpg,–ú–∞—Ä–∫,https://i.ibb.co/vmZLX9z/image.jpg
430,2021-12-08,photos/photo_200@08-12-2021_07-56-21.jpg,–ú–∞—Ä–∫,https://i.ibb.co/WxkCP2Z/image.jpg
431,2021-12-08,photos/photo_201@08-12-2021_08-11-42.jpg,Vlad,https://i.ibb.co/dKzcYGD/image.jpg
433,2021-12-08,photos/photo_202@08-12-2021_09-13-28.jpg,–ê–Ω–¥—Ä–µ–π,https://i.ibb.co/Z2VGSZq/image.jpg
439,2021-12-15,photos/photo_204@15-12-2021_07-26-58.jpg,–ê–Ω–¥—Ä–µ–π,https://i.ibb.co/F6sLF5J/image.jpg
465,2022-01-10,photos/photo_205@10-01-2022_14-03-18.jpg,Vlad,https://i.ibb.co/XCC4wLJ/image.jpg
466,2022-01-10,photos/photo_206@10-01-2022_14-03-25.jpg,–ú–∞—Ä–∫,https://i.ibb.co/47FDTQ2/image.jpg
469,2022-01-12,photos/photo_207@12-01-2022_08-49-43.jpg,Vlad,https://i.ibb.co/0rxkY0J/image.jpg
472,2022-01-12,photos/photo_208@12-01-2022_09-11-07.jpg,–ú–∞—Ä–∫,https://i.ibb.co/23805pT/image.jpg
473,2022-01-17,photos/photo_209@17-01-2022_14-00-44.jpg,–ú–∞—Ä–∫,https://i.ibb.co/TR2j45m/image.jpg
486,2022-01-24,photos/photo_210@24-01-2022_13-27-06.jpg,–ú–∞—Ä–∫,https://i.ibb.co/1QQypbn/image.jpg
487,2022-01-24,photos/photo_211@24-01-2022_13-37-25.jpg,–ú–∞—Ä–∫,https://i.ibb.co/yFXNYns/image.jpg
488,2022-01-24,photos/photo_212@24-01-2022_13-45-19.jpg,Vlad,https://i.ibb.co/jHzLGnx/image.jpg
489,2022-01-24,photos/photo_213@24-01-2022_13-59-01.jpg,Vlad,https://i.ibb.co/tqSJmKd/image.jpg
500,2022-01-26,photos/photo_214@26-01-2022_10-50-49.jpg,–ú–∞—Ä–∫,https://i.ibb.co/qj9xGTZ/image.jpg
512,2022-02-02,photos/photo_215@02-02-2022_07-22-35.jpg,–ê–Ω–¥—Ä–µ–π,https://i.ibb.co/6v36n8p/image.jpg
513,2022-02-02,photos/photo_216@02-02-2022_07-22-36.jpg,–ê–Ω–¥—Ä–µ–π,https://i.ibb.co/98DtBY9/image.jpg
515,2022-02-02,photos/photo_217@02-02-2022_11-09-44.jpg,–ê–Ω–¥—Ä–µ–π,https://i.ibb.co/jgW15zZ/image.jpg
516,2022-02-02,photos/photo_218@02-02-2022_11-09-59.jpg,–ê–Ω–¥—Ä–µ–π,https://i.ibb.co/89NX8HJ/image.jpg
527,2022-02-07,photos/photo_220@07-02-2022_13-56-42.jpg,Vlad,https://i.ibb.co/126VC3s/image.jpg
528,2022-02-07,photos/photo_221@07-02-2022_13-58-25.jpg,VlatoR346,https://i.ibb.co/FHdcHsv/image.jpg
530,2022-02-07,photos/photo_222@07-02-2022_13-59-16.jpg,–ê–Ω–¥—Ä–µ–π,https://i.ibb.co/41qjwbF/image.jpg
531,2022-02-07,photos/photo_223@07-02-2022_13-59-31.jpg,–ê–Ω–¥—Ä–µ–π,https://i.ibb.co/fqMV2D7/image.jpg
535,2022-02-09,photos/photo_224@09-02-2022_09-10-04.jpg,–ê–Ω–¥—Ä–µ–π,https://i.ibb.co/PcjPRQL/image.jpg
536,2022-02-09,photos/photo_225@09-02-2022_09-10-24.jpg,–ê–Ω–¥—Ä–µ–π,https://i.ibb.co/CJ83hZW/image.jpg
537,2022-02-09,photos/photo_226@09-02-2022_09-10-40.jpg,–ê–Ω–¥—Ä–µ–π,https://i.ibb.co/ykrcbC4/image.jpg
538,2022-02-09,photos/photo_227@09-02-2022_09-10-57.jpg,–ê–Ω–¥—Ä–µ–π,https://i.ibb.co/rdtpCkf/image.jpg
539,2022-02-09,photos/photo_228@09-02-2022_09-11-16.jpg,–ê–Ω–¥—Ä–µ–π,https://i.ibb.co/PD2LQb7/image.jpg
542,2022-02-14,photos/photo_229@14-02-2022_14-02-21.jpg,Sonia,https://i.ibb.co/k07yPm3/image.jpg
545,2022-02-16,photos/photo_230@16-02-2022_08-23-40.jpg,–ê–Ω–¥—Ä–µ–π,https://i.ibb.co/8YMDbnr/image.jpg
546,2022-02-16,photos/photo_231@16-02-2022_08-23-40.jpg,–ê–Ω–¥—Ä–µ–π,https://i.ibb.co/bKkMhKJ/image.jpg
547,2022-02-16,photos/photo_232@16-02-2022_08-23-40.jpg,–ê–Ω–¥—Ä–µ–π,https://i.ibb.co/5T9cgnn/image.jpg
548,2022-02-16,photos/photo_233@16-02-2022_08-23-41.jpg,–ê–Ω–¥—Ä–µ–π,https://i.ibb.co/CVQdPdZ/image.jpg
549,2022-02-16,photos/photo_234@16-02-2022_08-23-41.jpg,–ê–Ω–¥—Ä–µ–π,https://i.ibb.co/hD3fmC5/image.jpg
551,2022-02-16,photos/photo_235@16-02-2022_09-08-50.jpg,–ê–Ω–¥—Ä–µ–π,https://i.ibb.co/Tcb7bMz/image.jpg
552,2022-02-16,photos/photo_236@16-02-2022_09-08-50.jpg,–ê–Ω–¥—Ä–µ–π,https://i.ibb.co/8PgGWw3/image.jpg
604,2022-02-21,photos/photo_245@21-02-2022_13-53-43.jpg,–ú–∞—Ä–∫,https://i.ibb.co/P1pNXBW/image.jpg
605,2022-02-21,photos/photo_246@21-02-2022_13-58-20.jpg,üçÇAlexanderüçÇ,https://i.ibb.co/9GwGxcG/image.jpg
610,2022-03-16,photos/photo_248@16-03-2022_09-48-23.jpg,–ê–Ω–¥—Ä–µ–π,https://i.ibb.co/jbs7J3T/image.jpg
611,2022-03-16,photos/photo_249@16-03-2022_09-48-40.jpg,–ê–Ω–¥—Ä–µ–π,https://i.ibb.co/QHHTHbt/image.jpg
612,2022-03-16,photos/photo_250@16-03-2022_10-59-14.jpg,–ê–Ω–¥—Ä–µ–π,https://i.ibb.co/bzX6nwq/image.jpg
613,2022-03-16,photos/photo_251@16-03-2022_10-59-37.jpg,–ê–Ω–¥—Ä–µ–π,https://i.ibb.co/YtN6Lnh/image.jpg
614,2022-03-23,photos/photo_252@23-03-2022_14-42-45.jpg,–ê–Ω–¥—Ä–µ–π,https://i.ibb.co/VWLXVXn/image.jpg
615,2022-03-23,photos/photo_253@23-03-2022_14-42-58.jpg,–ê–Ω–¥—Ä–µ–π,https://i.ibb.co/XJZQFz3/image.jpg
616,2022-03-23,photos/photo_254@23-03-2022_14-43-16.jpg,–ê–Ω–¥—Ä–µ–π,https://i.ibb.co/XFT6d8P/image.jpg
617,2022-03-23,photos/photo_255@23-03-2022_14-43-30.jpg,–ê–Ω–¥—Ä–µ–π,https://i.ibb.co/G3fPnMN/image.jpg
618,2022-03-23,photos/photo_256@23-03-2022_14-43-46.jpg,–ê–Ω–¥—Ä–µ–π,https://i.ibb.co/qsBxQWQ/image.jpg
619,2022-03-23,photos/photo_257@23-03-2022_14-44-01.jpg,–ê–Ω–¥—Ä–µ–π,https://i.ibb.co/QHS2BMG/image.jpg
622,2022-03-28,photos/photo_258@28-03-2022_15-46-36.jpg,–ê–Ω–¥—Ä–µ–π,https://i.ibb.co/sQC3gyJ/image.jpg
623,2022-03-28,photos/photo_259@28-03-2022_15-47-07.jpg,–ê–Ω–¥—Ä–µ–π,https://i.ibb.co/h1dS9Sm/image.jpg
624,2022-03-28,photos/photo_260@28-03-2022_15-47-41.jpg,–ê–Ω–¥—Ä–µ–π,https://i.ibb.co/T4ZHZXp/image.jpg
630,2022-03-30,photos/photo_262@30-03-2022_10-13-20.jpg,–ê–Ω–¥—Ä–µ–π,https://i.ibb.co/K2VBP0W/image.jpg
631,2022-03-30,photos/photo_263@30-03-2022_10-13-35.jpg,–ê–Ω–¥—Ä–µ–π,https://i.ibb.co/1rkCbBG/image.jpg
632,2022-03-30,photos/photo_264@30-03-2022_10-13-52.jpg,–ê–Ω–¥—Ä–µ–π,https://i.ibb.co/7YzXmbP/image.jpg
633,2022-03-30,photos/photo_265@30-03-2022_10-14-10.jpg,–ê–Ω–¥—Ä–µ–π,https://i.ibb.co/gRzQL2x/image.jpg
634,2022-03-30,photos/photo_266@30-03-2022_10-14-28.jpg,–ê–Ω–¥—Ä–µ–π,https://i.ibb.co/FzLyfsS/image.jpg
635,2022-03-30,photos/photo_267@30-03-2022_10-14-47.jpg,–ê–Ω–¥—Ä–µ–π,https://i.ibb.co/QjLmrwf/image.jpg
636,2022-03-30,photos/photo_268@30-03-2022_10-15-00.jpg,–ê–Ω–¥—Ä–µ–π,https://i.ibb.co/s12wbD0/image.jpg
638,2022-04-04,photos/photo_269@04-04-2022_14-11-07.jpg,–ê–Ω–¥—Ä–µ–π,https://i.ibb.co/TPdCw8g/image.jpg
639,2022-04-04,photos/photo_270@04-04-2022_14-12-03.jpg,–ê–Ω–¥—Ä–µ–π,https://i.ibb.co/80XBfZy/image.jpg
642,2022-04-04,photos/photo_271@04-04-2022_15-38-33.jpg,–ê–Ω–¥—Ä–µ–π,https://i.ibb.co/NrwBpH5/image.jpg
643,2022-04-04,photos/photo_272@04-04-2022_15-38-45.jpg,–ê–Ω–¥—Ä–µ–π,https://i.ibb.co/ZNgRSMC/image.jpg
644,2022-04-04,photos/photo_273@04-04-2022_15-39-00.jpg,–ê–Ω–¥—Ä–µ–π,https://i.ibb.co/FJr7ncL/image.jpg
645,2022-04-04,photos/photo_274@04-04-2022_15-39-15.jpg,–ê–Ω–¥—Ä–µ–π,https://i.ibb.co/bX464kd/image.jpg
646,2022-04-04,photos/photo_275@04-04-2022_15-39-32.jpg,–ê–Ω–¥—Ä–µ–π,https://i.ibb.co/5hRwJsP/image.jpg
647,2022-04-04,photos/photo_276@04-04-2022_15-39-45.jpg,–ê–Ω–¥—Ä–µ–π,https://i.ibb.co/9vTb823/image.jpg
648,2022-04-04,photos/photo_277@04-04-2022_15-39-58.jpg,–ê–Ω–¥—Ä–µ–π,https://i.ibb.co/kxp9K2w/image.jpg
650,2022-04-06,photos/photo_278@06-04-2022_10-11-03.jpg,–ê–Ω–¥—Ä–µ–π,https://i.ibb.co/CBL1mtG/image.jpg
651,2022-04-06,photos/photo_279@06-04-2022_10-11-36.jpg,–ê–Ω–¥—Ä–µ–π,https://i.ibb.co/cw95HCC/image.jpg
652,2022-04-13,photos/photo_280@13-04-2022_10-17-28.jpg,–ê–Ω–¥—Ä–µ–π,https://i.ibb.co/vJqhmnX/image.jpg
653,2022-04-13,photos/photo_281@13-04-2022_10-17-41.jpg,–ê–Ω–¥—Ä–µ–π,https://i.ibb.co/1QV4HWc/image.jpg
654,2022-04-13,photos/photo_282@13-04-2022_10-18-05.jpg,–ê–Ω–¥—Ä–µ–π,https://i.ibb.co/TPTnmmm/image.jpg
655,2022-04-13,photos/photo_283@13-04-2022_10-18-21.jpg,–ê–Ω–¥—Ä–µ–π,https://i.ibb.co/Db7RkMq/image.jpg
656,2022-04-13,photos/photo_284@13-04-2022_10-18-34.jpg,–ê–Ω–¥—Ä–µ–π,https://i.ibb.co/tqkjS5S/image.jpg
666,2022-04-18,photos/photo_286@18-04-2022_14-57-17.jpg,–ê–Ω–¥—Ä–µ–π,https://i.ibb.co/PTLPVmH/image.jpg
667,2022-04-18,photos/photo_287@18-04-2022_14-57-30.jpg,–ê–Ω–¥—Ä–µ–π,https://i.ibb.co/VNwcYJ1/image.jpg
668,2022-04-18,photos/photo_288@18-04-2022_14-57-47.jpg,–ê–Ω–¥—Ä–µ–π,https://i.ibb.co/bJtHWgC/image.jpg
669,2022-04-18,photos/photo_289@18-04-2022_14-57-59.jpg,–ê–Ω–¥—Ä–µ–π,https://i.ibb.co/bjhS29k/image.jpg
681,2022-04-20,photos/photo_291@20-04-2022_10-20-18.jpg,–ê–Ω–¥—Ä–µ–π,https://i.ibb.co/1XX8W1d/image.jpg
682,2022-04-20,photos/photo_292@20-04-2022_10-20-32.jpg,–ê–Ω–¥—Ä–µ–π,https://i.ibb.co/M1vrjcy/image.jpg
683,2022-04-20,photos/photo_293@20-04-2022_10-20-45.jpg,–ê–Ω–¥—Ä–µ–π,https://i.ibb.co/FW3mD2c/image.jpg
692,2022-04-25,photos/photo_295@25-04-2022_15-02-10.jpg,–ê–Ω–¥—Ä–µ–π,https://i.ibb.co/x3Ddp3Q/image.jpg
693,2022-04-25,photos/photo_296@25-04-2022_15-02-25.jpg,–ê–Ω–¥—Ä–µ–π,https://i.ibb.co/r0VQvvB/image.jpg
694,2022-04-25,photos/photo_297@25-04-2022_15-02-43.jpg,–ê–Ω–¥—Ä–µ–π,https://i.ibb.co/p1g9ZkB/image.jpg
695,2022-04-25,photos/photo_298@25-04-2022_15-03-03.jpg,–ê–Ω–¥—Ä–µ–π,https://i.ibb.co/wMnRW4C/image.jpg
696,2022-04-25,photos/photo_299@25-04-2022_15-03-18.jpg,–ê–Ω–¥—Ä–µ–π,https://i.ibb.co/HXmHPCS/image.jpg
704,2022-04-27,photos/photo_300@27-04-2022_10-10-43.jpg,–ê–Ω–¥—Ä–µ–π,https://i.ibb.co/BcpXPH3/image.jpg
705,2022-04-27,photos/photo_301@27-04-2022_10-10-55.jpg,–ê–Ω–¥—Ä–µ–π,https://i.ibb.co/YDmYCQM/image.jpg
706,2022-04-27,photos/photo_302@27-04-2022_10-11-09.jpg,–ê–Ω–¥—Ä–µ–π,https://i.ibb.co/6WG1wbP/image.jpg
707,2022-04-27,photos/photo_303@27-04-2022_10-11-24.jpg,–ê–Ω–¥—Ä–µ–π,https://i.ibb.co/W508k4D/image.jpg
708,2022-04-27,photos/photo_304@27-04-2022_10-11-35.jpg,–ê–Ω–¥—Ä–µ–π,https://i.ibb.co/6w6nMwd/image.jpg
710,2022-04-27,photos/photo_305@27-04-2022_19-26-30.jpg,Illia Illia,https://i.ibb.co/hDD1tf2/image.jpg
715,2022-05-02,photos/photo_306@02-05-2022_15-37-38.jpg,–ê–Ω–¥—Ä–µ–π,https://i.ibb.co/J5yJzx9/image.jpg
716,2022-05-02,photos/photo_307@02-05-2022_15-37-54.jpg,–ê–Ω–¥—Ä–µ–π,https://i.ibb.co/7GttHFw/image.jpg
717,2022-05-02,photos/photo_308@02-05-2022_15-38-11.jpg,–ê–Ω–¥—Ä–µ–π,https://i.ibb.co/SKYN8jz/image.jpg
718,2022-05-02,photos/photo_309@02-05-2022_15-38-59.jpg,–ê–Ω–¥—Ä–µ–π,https://i.ibb.co/F3MSDHx/image.jpg
727,2022-05-09,photos/photo_317@09-05-2022_14-59-48.jpg,–ê–Ω–¥—Ä–µ–π,https://i.ibb.co/FsRC85j/image.jpg
728,2022-05-09,photos/photo_318@09-05-2022_15-00-03.jpg,–ê–Ω–¥—Ä–µ–π,https://i.ibb.co/zr8c3WX/image.jpg
729,2022-05-09,photos/photo_319@09-05-2022_15-00-19.jpg,–ê–Ω–¥—Ä–µ–π,https://i.ibb.co/fqrdD1K/image.jpg
730,2022-05-09,photos/photo_320@09-05-2022_15-00-34.jpg,–ê–Ω–¥—Ä–µ–π,https://i.ibb.co/6YJcnfk/image.jpg
731,2022-05-09,photos/photo_321@09-05-2022_15-00-59.jpg,–ê–Ω–¥—Ä–µ–π,https://i.ibb.co/RgSGrJR/image.jpg
732,2022-05-09,photos/photo_322@09-05-2022_15-17-45.jpg,–ê–Ω–¥—Ä–µ–π,https://i.ibb.co/dfN3LGQ/image.jpg
733,2022-05-09,photos/photo_323@09-05-2022_15-21-25.jpg,Illia Illia,https://i.ibb.co/gdcWwy0/image.jpg
736,2022-05-11,photos/photo_324@11-05-2022_11-59-00.jpg,–ê–Ω–¥—Ä–µ–π,https://i.ibb.co/G0hsNY7/image.jpg
737,2022-05-11,photos/photo_325@11-05-2022_11-59-30.jpg,–ê–Ω–¥—Ä–µ–π,https://i.ibb.co/khd3Z6D/image.jpg
738,2022-05-11,photos/photo_326@11-05-2022_12-00-20.jpg,–ê–Ω–¥—Ä–µ–π,https://i.ibb.co/8gGR9sT/image.jpg
743,2022-05-16,photos/photo_327@16-05-2022_15-13-16.jpg,–ê–Ω–¥—Ä–µ–π,https://i.ibb.co/z5wn3Dd/image.jpg
744,2022-05-16,photos/photo_328@16-05-2022_15-13-34.jpg,–ê–Ω–¥—Ä–µ–π,https://i.ibb.co/d6dkKqC/image.jpg
745,2022-05-16,photos/photo_329@16-05-2022_15-13-54.jpg,–ê–Ω–¥—Ä–µ–π,https://i.ibb.co/WWKCHDm/image.jpg
752,2022-05-18,photos/photo_330@18-05-2022_09-17-08.jpg,–ê–Ω–¥—Ä–µ–π,https://i.ibb.co/7ydQqxY/image.jpg
753,2022-05-18,photos/photo_331@18-05-2022_09-17-25.jpg,–ê–Ω–¥—Ä–µ–π,https://i.ibb.co/12mY4kK/image.jpg
754,2022-05-18,photos/photo_332@18-05-2022_09-17-39.jpg,–ê–Ω–¥—Ä–µ–π,https://i.ibb.co/b3xSXFB/image.jpg
755,2022-05-18,photos/photo_333@18-05-2022_09-51-59.jpg,–ê–Ω–¥—Ä–µ–π,https://i.ibb.co/zQ0GQ78/image.jpg
756,2022-05-18,photos/photo_334@18-05-2022_09-53-24.jpg,–ê–Ω–¥—Ä–µ–π,https://i.ibb.co/hRwfrjc/image.jpg
757,2022-05-18,photos/photo_335@18-05-2022_09-53-41.jpg,–ê–Ω–¥—Ä–µ–π,https://i.ibb.co/DbW8yGW/image.jpg
766,2022-05-23,photos/photo_336@23-05-2022_15-38-30.jpg,–ê–Ω–¥—Ä–µ–π,https://i.ibb.co/3dRqXBk/image.jpg
767,2022-05-23,photos/photo_337@23-05-2022_15-39-06.jpg,–ê–Ω–¥—Ä–µ–π,https://i.ibb.co/JpdNhX6/image.jpg
768,2022-05-23,photos/photo_338@23-05-2022_15-49-48.jpg,–ê–Ω–¥—Ä–µ–π,https://i.ibb.co/8KpCstW/image.jpg
769,2022-05-23,photos/photo_339@23-05-2022_15-50-00.jpg,–ê–Ω–¥—Ä–µ–π,https://i.ibb.co/pfJ0PvC/image.jpg
770,2022-05-25,photos/photo_340@25-05-2022_10-15-49.jpg,–ê–Ω–¥—Ä–µ–π,https://i.ibb.co/PZsq7KN/image.jpg
771,2022-05-25,photos/photo_341@25-05-2022_10-16-05.jpg,–ê–Ω–¥—Ä–µ–π,https://i.ibb.co/cgKcQZ6/image.jpg
772,2022-05-25,photos/photo_342@25-05-2022_10-16-18.jpg,–ê–Ω–¥—Ä–µ–π,https://i.ibb.co/gMcTDSy/image.jpg
773,2022-05-25,photos/photo_343@25-05-2022_10-16-40.jpg,–ê–Ω–¥—Ä–µ–π,https://i.ibb.co/PW9MDCx/image.jpg
774,2022-05-25,photos/photo_344@25-05-2022_10-16-51.jpg,–ê–Ω–¥—Ä–µ–π,https://i.ibb.co/SKx4JSC/image.jpg
775,2022-05-25,photos/photo_345@25-05-2022_10-17-00.jpg,–ê–Ω–¥—Ä–µ–π,https://i.ibb.co/NCwjLhQ/image.jpg
